{
  "generatedAt": "2026-03-13T14:21:43.213Z",
  "queryCount": 3,
  "hitAt5": 1,
  "medianMs": 0.010916000000008808,
  "p95Ms": 0.024666000000024724
}
